IDCLIENTE,IDMESA,IDEMPLEADO,IDTIPORESERVA,FECHA,CANCELACION,HORARIO_RESERVA
54,8,18,3,2007-07-05 20:08:12,,2003-11-11 23:18:12
74,95,35,4,2007-12-14 07:40:51,,2010-08-24 01:14:45
94,23,3,1,2002-09-06 12:47:42,,2013-07-20 22:41:46
99,31,34,3,2022-04-02 12:57:18,,2021-08-24 09:02:54
44,84,33,2,2015-06-07 16:51:17,,2005-12-28 13:30:28
6,89,9,4,2011-10-28 21:50:40,,2014-09-10 03:02:38
85,55,50,1,2017-06-23 05:41:29,,2003-04-27 01:37:39
6,57,29,3,2018-11-02 14:10:50,,2000-03-17 05:56:21
60,25,28,4,2015-02-14 06:05:58,,2010-12-08 01:46:09
6,75,38,1,2012-06-04 17:54:31,,2000-01-28 17:06:03
41,55,36,1,2022-07-28 09:57:27,2003-06-09 09:51:44,2016-07-07 12:31:48
18,47,1,3,2004-12-06 01:11:54,,2012-10-18 02:58:02
21,80,47,3,2006-04-24 03:03:48,,2016-03-07 09:06:41
75,36,26,4,2022-05-12 18:44:37,,2018-11-13 11:57:36
99,69,18,2,2022-09-12 09:56:50,,2004-05-16 07:59:38
34,84,18,4,2004-12-09 12:02:05,,2017-07-12 16:06:11
22,55,31,3,2022-12-02 06:31:58,,2014-12-19 03:00:24
36,80,41,4,2020-05-10 07:53:40,,2011-11-03 01:11:53
31,85,12,2,2014-11-07 02:26:32,,2021-11-17 20:18:17
4,10,26,3,2007-09-05 21:34:38,,2001-07-15 21:13:31
50,4,15,4,2008-07-08 01:53:09,2021-08-19 04:36:13,2013-05-12 07:56:12
63,61,14,1,2022-01-06 21:00:11,,2021-07-27 21:26:53
81,26,8,1,2019-01-07 06:54:09,,2014-06-13 07:49:00
44,43,42,1,2007-05-06 03:56:16,,2009-04-16 21:51:01
83,83,42,3,2002-07-28 13:57:12,,2015-05-18 01:59:42
10,38,21,2,2016-06-17 09:03:32,,2021-01-28 23:24:35
15,72,32,3,2016-12-04 09:59:15,,2002-05-28 10:23:04
65,75,26,3,2008-02-19 21:38:52,,2000-08-27 16:30:55
2,9,21,1,2003-06-14 14:52:14,,2001-09-20 23:15:59
59,6,12,3,2000-10-08 02:59:57,,2000-11-30 14:16:56
9,39,14,3,2001-08-25 08:04:28,,2021-05-07 17:50:00
75,62,44,4,2008-02-16 00:19:22,,2003-08-05 06:02:51
31,46,45,3,2003-02-04 09:44:27,2004-09-25 13:18:02,2001-04-03 21:52:19
81,57,18,3,2019-01-08 09:42:16,,2020-09-04 14:36:14
55,90,25,4,2001-12-01 17:36:47,,2019-11-19 07:30:34
31,51,34,1,2009-09-16 04:26:24,,2008-01-22 04:07:52
81,10,38,4,2013-02-12 13:06:28,,2022-05-21 10:22:53
80,82,21,1,2008-06-27 15:59:26,,2007-03-20 01:43:23
10,79,23,4,2016-11-04 17:49:28,,2004-06-11 03:43:31
2,63,42,2,2005-04-22 19:57:24,,2002-01-24 07:52:08
45,4,26,3,2021-07-21 20:42:43,,2016-05-25 10:03:13
81,95,37,3,2009-07-23 16:46:16,,2017-09-21 03:49:37
96,46,48,2,2003-04-21 13:01:15,,2014-02-11 19:51:53
46,32,15,1,2022-12-24 01:44:43,,2004-01-25 22:15:28
25,41,25,1,2018-12-16 23:09:31,,2018-01-19 01:26:21
41,53,24,2,2018-01-04 05:29:38,,2011-03-17 06:25:28
38,49,30,3,2019-10-09 16:09:30,2003-05-07 11:27:50,2007-12-15 17:30:00
65,11,33,3,2010-02-14 19:57:22,,2018-08-25 13:38:09
53,72,38,2,2016-10-03 06:52:57,,2004-12-21 02:24:41
80,26,42,4,2019-08-21 09:01:48,,2016-04-02 11:13:35
77,34,44,3,2021-01-22 03:02:18,,2004-07-02 09:04:28
1,97,7,3,2000-07-05 11:50:05,,2022-06-27 12:47:44
92,8,20,3,2000-04-19 05:56:39,,2003-06-21 18:43:57
77,4,28,3,2011-11-17 13:29:15,,2000-10-11 18:39:38
87,85,32,2,2020-03-25 22:54:59,,2012-12-21 22:48:09
3,62,8,2,2011-09-27 19:20:25,,2010-08-01 14:31:09
97,68,37,1,2016-05-16 09:57:54,,2009-04-17 19:32:23
59,45,26,2,2008-08-31 01:50:42,,2005-10-06 07:42:23
67,92,18,1,2011-10-03 19:43:00,,2019-11-24 14:40:05
30,26,31,2,2005-02-22 15:32:42,,2015-01-11 20:41:35
26,25,5,1,2005-09-06 16:05:31,,2005-06-20 18:04:27
92,35,44,1,2022-07-21 16:32:44,,2000-06-09 15:57:28
14,3,44,2,2011-09-09 22:28:57,,2015-05-27 18:43:40
98,49,20,3,2013-07-04 20:32:18,,2008-01-26 03:00:54
23,6,5,1,2019-10-03 04:47:10,,2010-04-20 17:00:34
19,29,18,2,2018-09-14 18:14:45,,2005-06-11 20:53:50
41,31,28,1,2002-12-11 07:04:30,,2001-09-23 10:54:12
70,10,46,4,2002-06-06 05:45:25,,2002-03-01 05:35:11
28,38,44,1,2008-06-26 22:07:16,2011-04-09 18:42:30,2010-01-01 15:34:11
88,95,33,1,2008-01-06 12:31:35,2010-02-03 14:04:22,2007-12-12 16:26:27
79,56,36,2,2015-03-08 18:38:56,,2014-11-08 18:11:02
6,91,31,2,2022-02-11 08:13:07,,2016-12-21 09:43:40
90,34,29,2,2010-08-26 13:10:15,2021-04-19 16:06:04,2013-06-22 11:10:15
87,79,24,1,2005-10-05 06:13:57,,2001-02-15 10:46:12
53,2,24,1,2021-08-27 12:17:05,,2010-09-05 04:49:03
43,48,50,4,2003-11-19 08:24:36,,2007-03-10 09:27:37
71,18,15,4,2020-08-24 22:02:47,,2002-01-11 14:29:26
42,16,35,4,2019-06-22 21:33:02,,2004-12-15 20:55:06
58,55,8,1,2013-02-03 08:24:41,,2020-07-18 15:52:53
68,39,40,1,2021-10-16 15:17:25,,2011-01-02 10:24:14
81,19,28,3,2000-12-19 09:23:39,,2019-12-02 19:55:30
12,47,50,4,2014-07-24 22:10:09,,2009-06-30 10:47:57
78,59,24,4,2005-07-20 05:18:20,,2003-11-27 06:34:18
97,49,6,2,2007-03-07 08:51:37,,2012-12-21 05:52:43
36,35,16,4,2020-02-18 21:10:28,,2002-07-04 04:14:08
85,90,27,3,2008-05-29 13:47:37,,2000-12-16 13:15:41
84,69,22,3,2019-07-31 19:00:05,2012-05-03 13:12:56,2009-03-07 09:13:13
57,9,15,3,2001-05-21 00:57:02,,2014-02-20 09:34:01
39,22,47,1,2021-12-26 14:04:53,,2016-10-03 14:48:14
29,82,27,2,2022-06-19 10:16:06,,2009-03-12 21:27:47
50,88,25,1,2013-01-28 08:07:09,,2015-05-06 19:42:00
78,52,26,4,2011-07-27 22:00:10,,2004-12-14 03:39:51
87,89,36,2,2005-09-19 13:53:09,,2014-03-18 17:10:16
57,42,34,4,2016-10-30 21:50:26,,2013-08-31 06:54:43
54,4,31,4,2010-12-25 09:25:10,,2005-04-29 14:33:37
84,33,34,1,2013-12-06 11:53:09,,2013-01-23 18:00:22
94,28,21,1,2021-11-23 00:27:15,,2013-06-01 08:36:00
18,16,47,4,2008-11-15 22:36:58,2003-08-27 01:28:54,2019-01-02 13:42:57
15,49,45,3,2021-07-15 21:33:25,,2022-10-24 19:32:20
46,45,18,3,2009-03-13 07:35:34,,2005-05-31 19:41:45
66,45,6,1,2016-06-09 15:11:59,,2019-10-25 05:38:24
94,77,27,1,2009-06-03 07:16:34,,2001-01-05 18:52:53
84,17,28,3,2012-06-24 21:35:50,2014-06-04 22:32:40,2017-12-02 22:13:08
2,5,12,1,2001-01-13 13:24:03,,2019-11-08 08:18:44
26,44,16,3,2012-04-29 19:38:26,,2003-07-06 09:45:58
11,20,4,3,2014-09-05 16:23:28,,2014-02-14 13:03:05
54,37,38,2,2019-06-03 23:45:32,,2014-05-20 06:33:56
44,47,42,4,2004-09-14 13:14:10,,2018-05-07 17:11:11
33,74,15,2,2014-12-21 03:51:54,,2003-04-01 18:48:56
69,44,9,4,2001-11-29 19:31:48,,2010-02-12 19:09:02
18,17,16,3,2015-10-01 13:53:10,2008-12-08 08:03:42,2008-02-11 16:24:28
18,44,40,1,2005-03-01 14:54:32,,2004-08-07 15:02:02
57,12,26,1,2021-05-06 04:39:24,,2007-12-27 14:37:49
27,54,22,4,2015-10-26 23:45:55,,2021-06-06 09:28:57
37,8,38,3,2010-04-14 07:16:56,,2002-10-18 19:54:34
57,25,25,2,2000-08-17 01:50:12,,2020-04-11 07:16:22
68,86,22,3,2015-02-11 09:31:31,,2013-03-26 00:10:03
91,6,18,2,2011-08-25 19:45:56,,2006-03-01 11:51:06
58,57,18,1,2020-07-04 20:32:15,,2003-11-24 13:01:57
44,68,4,3,2013-02-01 05:07:14,,2013-11-01 20:47:42
26,68,4,4,2000-06-16 09:28:42,,2017-03-19 12:48:48
33,94,17,3,2000-10-23 21:25:27,2009-06-03 04:14:30,2006-08-31 21:24:13
46,62,8,1,2004-08-10 07:42:37,,2015-03-04 11:20:41
87,47,39,4,2021-06-05 10:55:28,2007-12-28 10:40:54,2011-08-01 22:16:58
31,2,10,1,2010-10-01 11:10:10,,2006-06-07 14:52:54
69,20,49,1,2008-05-24 04:46:32,,2017-10-14 01:28:49
89,99,35,3,2005-11-23 15:19:06,,2004-07-21 21:11:43
70,96,40,4,2017-08-26 05:29:26,,2006-02-26 10:05:43
85,4,21,3,2014-07-28 04:23:30,,2002-10-17 07:22:03
93,71,35,2,2003-10-19 09:20:03,,2002-11-04 23:41:05
68,10,39,1,2000-06-08 09:10:47,,2011-10-24 06:41:53
7,34,44,3,2007-09-26 21:01:31,,2016-09-24 13:47:19
10,9,22,4,2013-03-04 11:06:08,,2005-08-11 00:20:38
99,74,23,4,2002-09-03 10:32:59,,2016-09-07 17:09:41
40,68,22,4,2019-05-13 02:20:07,,2001-11-17 15:15:34
96,2,12,2,2015-05-08 05:40:11,,2018-06-09 02:35:34
20,88,9,3,2004-01-02 08:16:15,,2018-06-01 16:35:05
53,11,28,4,2011-03-11 07:13:27,,2013-09-10 19:40:48
79,44,37,2,2009-12-11 01:23:36,,2015-12-20 20:59:59
61,92,49,4,2014-01-13 17:31:17,,2012-11-28 02:39:00
41,17,7,3,2019-04-25 18:51:58,2017-06-27 17:13:14,2000-09-03 04:24:26
65,3,31,4,2011-09-23 05:24:03,,2019-08-24 13:20:46
48,66,16,3,2001-02-19 18:15:48,,2020-06-29 23:49:40
10,62,32,4,2021-01-29 09:26:54,,2014-01-07 09:43:23
74,72,23,3,2010-03-17 01:55:14,,2000-11-08 11:07:12
90,65,22,2,2019-02-19 16:04:27,,2003-10-15 18:35:57
52,15,25,4,2012-10-18 15:28:00,,2004-07-21 15:46:11
39,5,22,2,2010-09-01 20:34:28,2000-01-30 09:17:30,2021-08-07 13:46:45
50,82,42,3,2018-06-17 08:21:25,,2000-11-14 18:52:29
52,83,44,1,2001-05-19 17:54:01,,2006-04-10 01:12:06
81,55,8,4,2016-12-26 19:42:45,,2009-12-05 01:31:07
100,32,37,2,2019-06-01 16:51:48,,2009-03-01 18:14:00
13,20,27,3,2014-01-31 16:41:59,,2000-08-21 10:15:00
96,57,4,2,2012-03-25 10:11:29,,2011-03-16 05:11:43
14,84,24,1,2019-04-18 06:51:41,,2020-11-06 22:34:27
70,49,2,1,2013-01-26 14:24:23,2003-02-03 06:26:48,2003-11-26 02:22:22
21,17,27,2,2014-06-14 04:00:24,,2019-06-16 18:27:50
69,62,26,2,2011-07-14 18:45:47,,2021-12-26 06:01:27
93,63,10,3,2009-08-23 23:41:53,,2018-06-19 06:46:06
51,89,13,3,2012-09-22 19:43:12,,2002-03-07 10:44:53
55,1,20,4,2022-12-19 16:56:29,2014-06-08 00:16:26,2009-07-15 13:25:07
70,62,44,4,2002-03-11 20:34:16,,2005-01-24 08:23:40
84,55,31,4,2020-09-15 11:28:44,2021-08-04 01:07:45,2000-08-28 07:44:11
23,4,21,3,2018-12-11 13:31:00,,2021-02-21 03:31:19
23,85,29,1,2000-05-17 01:37:47,,2004-12-01 16:44:36
43,26,17,1,2004-08-13 05:39:09,,2005-09-18 06:35:43
73,3,21,2,2016-12-26 19:56:40,,2003-07-05 11:06:00
65,51,24,3,2019-04-22 08:20:35,,2015-04-21 21:42:45
37,11,9,4,2012-04-01 01:42:57,,2018-10-26 23:50:50
56,89,37,1,2001-05-20 14:00:23,,2009-03-11 12:15:07
28,84,21,4,2022-03-14 11:29:02,,2012-10-14 17:12:42
25,91,15,4,2008-10-29 15:36:00,,2004-09-07 11:06:47
72,14,49,2,2008-04-29 14:17:00,,2000-09-24 10:28:09
77,23,23,1,2002-01-09 13:55:20,2020-10-24 17:50:31,2002-08-31 09:44:33
85,75,32,1,2019-12-20 08:34:50,,2013-02-23 02:16:01
8,52,4,4,2011-02-26 00:00:34,2007-10-07 12:07:06,2014-07-30 00:41:53
15,92,33,3,2004-11-25 02:39:03,,2013-09-16 02:02:38
28,44,38,1,2001-09-20 21:30:07,,2022-11-20 15:59:01
14,41,1,1,2019-02-10 12:36:52,,2014-10-11 14:04:27
51,56,18,4,2014-08-19 17:19:02,2000-04-25 07:29:53,2005-04-21 08:05:47
83,49,30,2,2021-04-20 01:50:46,,2017-11-03 01:57:34
97,83,7,1,2002-10-04 21:12:04,,2021-04-30 15:03:55
64,95,15,4,2016-07-11 03:28:27,,2021-02-23 19:45:10
55,89,31,1,2005-03-27 06:40:12,,2009-10-21 04:07:30
25,11,27,3,2007-07-04 00:39:25,,2003-11-03 11:03:13
72,66,44,4,2018-12-23 08:14:31,,2001-09-25 20:41:51
13,80,22,2,2007-03-24 19:36:11,,2008-02-24 11:09:20
82,38,37,4,2009-05-26 07:06:55,,2021-04-16 12:14:37
42,58,11,4,2016-05-17 05:05:43,,2015-02-12 05:20:28
80,3,33,2,2009-05-01 08:59:35,,2017-07-19 21:48:47
49,9,44,4,2014-04-29 23:07:10,,2013-09-04 23:56:36
3,42,26,3,2005-03-18 03:39:10,,2015-07-03 04:07:13
86,75,11,3,2016-02-08 20:33:16,2020-11-27 17:39:35,2022-12-09 08:10:14
30,58,3,3,2009-11-22 04:42:28,2008-02-15 15:24:49,2016-08-14 12:39:12
9,50,43,1,2018-04-22 15:26:42,,2016-08-23 06:33:08
24,56,45,3,2014-11-06 04:15:35,,2000-01-16 07:27:13
88,67,8,1,2011-05-01 13:17:04,2000-05-15 11:38:00,2005-03-29 20:49:49
23,37,21,2,2003-01-03 02:13:35,,2017-05-07 19:20:14
74,6,26,4,2022-11-06 10:45:08,,2021-12-18 23:04:06
17,26,34,3,2007-10-05 05:22:24,,2022-01-08 20:30:52
79,32,39,2,2006-04-09 02:59:13,,2017-02-22 21:46:28
10,27,14,2,2017-11-05 16:38:36,,2008-08-16 12:29:34
22,85,16,1,2018-08-05 21:48:06,,2006-06-30 18:51:03
52,10,10,3,2002-12-25 16:42:08,,2014-07-26 02:25:10
10,71,24,2,2009-11-26 05:44:17,,2015-01-14 06:30:51
89,73,2,2,2017-12-03 13:15:33,,2001-01-29 08:29:08
32,42,47,1,2020-09-05 03:03:44,,2016-01-04 05:54:48
1,79,29,3,2003-12-06 14:26:05,,2005-10-31 06:34:07
52,30,4,3,2021-12-13 21:17:14,,2010-03-29 19:08:34
93,97,34,1,2005-06-25 22:24:06,,2019-06-02 09:33:23
73,29,11,4,2015-04-20 11:51:41,,2006-12-10 18:59:33
78,77,24,4,2009-02-07 00:36:04,,2002-01-21 23:44:19
60,59,43,4,2021-06-26 19:35:33,,2002-08-20 05:24:13
68,37,25,1,2011-05-17 22:24:52,,2021-09-04 02:35:45
33,77,21,1,2021-02-19 16:03:17,,2011-03-18 03:49:04
58,7,42,4,2000-07-05 08:10:40,2008-08-30 06:12:29,2007-06-16 12:04:28
93,7,7,1,2003-03-16 21:09:46,,2016-11-30 23:54:50
4,88,41,4,2010-05-31 16:27:40,,2021-12-15 09:52:14
21,9,28,2,2016-01-24 06:35:16,,2009-09-20 22:49:52
100,58,33,1,2003-05-29 06:44:47,,2013-03-22 14:13:30
79,70,13,3,2012-05-03 06:25:20,,2010-12-08 22:32:36
33,73,44,1,2016-02-06 05:30:24,2011-11-14 21:25:11,2016-08-02 08:04:55
34,81,22,3,2007-09-29 11:27:26,,2013-07-19 08:31:49
91,66,44,4,2013-12-24 09:41:06,,2015-12-30 02:44:48
100,37,33,3,2021-11-03 03:43:35,,2005-07-21 04:39:03
67,19,3,1,2007-12-25 16:04:34,,2016-04-20 11:51:41
22,81,37,2,2017-02-12 12:39:24,,2015-11-18 17:33:36
90,71,20,2,2013-07-21 11:44:00,,2016-03-02 09:43:38
70,3,8,2,2007-07-27 20:21:15,2010-08-24 14:50:30,2022-08-13 23:09:30
72,70,6,2,2002-06-29 14:35:57,2011-07-08 20:50:37,2013-12-06 22:30:44
94,77,19,4,2003-12-03 13:05:37,,2009-01-05 16:11:18
34,57,29,2,2019-11-11 16:32:06,,2009-10-16 13:03:58
56,78,24,4,2004-02-13 05:33:55,,2020-09-24 18:05:32
44,94,24,3,2005-04-29 19:54:06,,2017-06-19 02:34:45
23,6,28,4,2012-01-03 09:45:54,,2005-05-06 13:22:18
61,20,18,2,2004-04-10 20:35:54,,2014-08-17 15:59:16
56,65,18,1,2007-11-03 16:08:34,,2020-03-02 18:00:09
81,2,33,3,2004-07-05 08:16:48,,2011-06-18 08:52:16
54,24,47,3,2003-04-22 06:13:03,,2019-06-20 09:58:18
70,92,46,4,2014-03-13 10:24:57,,2019-11-08 17:51:04
85,57,11,2,2014-02-07 05:03:46,2006-11-11 00:05:21,2003-04-09 09:10:40
94,98,47,3,2003-04-29 02:32:35,,2020-03-09 14:31:30
52,57,34,3,2020-11-03 10:10:12,,2011-07-18 08:19:37
53,71,17,2,2004-09-05 20:29:01,2016-10-22 03:47:12,2012-05-04 04:38:17
72,52,40,2,2014-10-22 09:13:41,,2005-02-25 04:48:09
75,33,33,2,2017-01-03 10:11:06,,2000-05-19 03:51:16
93,59,1,4,2020-08-26 01:08:46,,2005-04-07 10:55:32
88,19,9,1,2003-11-21 12:44:22,,2004-07-22 22:18:13
63,11,2,3,2016-02-22 23:09:36,,2014-09-26 14:00:41
15,26,13,3,2014-12-17 01:38:21,,2017-12-18 01:50:54
57,16,9,1,2021-04-24 17:27:34,,2019-03-16 11:30:24
26,96,13,2,2003-06-06 04:38:10,,2005-07-03 22:37:26
67,39,43,3,2002-01-15 11:00:58,,2005-01-12 14:14:33
31,55,46,3,2008-11-01 07:25:47,,2021-09-15 04:40:50
88,46,42,3,2012-05-20 23:01:03,,2021-12-19 14:49:14
32,36,21,1,2007-09-10 22:08:15,,2005-09-25 16:29:41
44,31,32,1,2010-07-23 16:56:46,,2004-11-18 00:00:22
39,20,31,1,2000-07-08 13:48:07,,2002-10-11 16:18:01
90,28,35,2,2004-09-29 11:58:08,,2011-09-21 23:01:05
23,58,15,3,2006-05-14 10:46:53,,2002-03-14 06:21:37
13,93,35,2,2005-12-24 14:59:53,,2012-05-24 04:34:04
7,100,15,1,2011-08-25 09:03:37,,2000-08-15 17:07:19
65,68,13,1,2008-09-28 14:33:20,,2019-09-24 18:15:51
13,97,46,1,2005-05-23 08:04:23,,2008-06-23 05:48:50
34,42,31,3,2012-08-07 18:27:08,,2000-08-05 21:07:16
43,88,23,4,2013-01-10 17:24:17,,2007-10-13 21:47:53
85,44,22,1,2010-05-13 02:19:35,,2014-05-12 13:59:43
42,67,17,4,2016-08-23 13:36:58,,2006-08-11 17:14:59
18,55,5,4,2004-03-05 10:06:16,,2009-09-04 01:59:02
77,54,29,1,2011-05-15 11:56:14,,2020-02-11 21:52:50
87,57,34,1,2000-09-08 14:13:23,,2007-06-22 16:34:52
39,5,9,1,2013-06-02 06:06:41,,2013-11-07 09:19:14
68,31,32,2,2001-11-04 08:38:24,,2013-01-12 02:10:21
8,95,49,1,2003-11-26 18:33:41,,2017-11-14 03:44:40
47,70,43,2,2007-02-25 21:03:11,,2022-06-27 17:20:35
43,45,25,3,2014-04-29 04:58:12,,2018-12-07 15:59:24
44,81,23,4,2006-05-12 18:47:20,2017-08-28 09:41:39,2021-09-24 06:27:04
38,84,46,4,2018-11-25 13:21:13,,2008-03-29 13:53:42
10,83,15,1,2014-05-30 17:25:15,,2009-04-13 06:50:36
51,40,33,3,2020-01-30 07:55:55,,2005-07-28 11:37:39
81,31,7,4,2011-11-22 01:36:19,,2011-08-07 07:02:36
65,37,30,1,2004-10-30 08:36:30,,2015-11-20 17:09:01
7,28,50,2,2017-07-08 19:43:01,,2002-02-05 13:46:07
76,42,21,1,2001-01-08 12:09:39,,2007-10-17 05:34:23
47,39,23,4,2000-08-28 12:46:31,,2003-09-24 08:32:10
45,42,40,4,2000-06-30 10:02:53,,2017-02-16 07:55:34
45,16,30,1,2002-06-10 01:00:02,,2003-11-05 04:37:28
54,21,29,3,2009-02-12 18:28:46,,2015-02-12 06:17:44
46,67,32,1,2008-03-02 22:18:53,,2007-01-07 17:36:25
49,40,28,1,2005-05-04 11:28:50,,2008-05-13 13:03:24
34,27,9,2,2003-06-12 08:02:30,,2005-11-27 00:51:15
26,73,5,4,2008-07-07 21:44:54,,2000-01-16 00:28:07
95,7,22,2,2014-09-05 09:34:23,,2008-03-03 07:44:34
4,55,9,3,2012-07-13 02:34:50,,2018-04-22 06:30:57
37,41,8,4,2008-02-29 18:59:52,2004-05-08 14:10:10,2004-04-24 19:11:04
8,70,25,2,2014-01-18 06:56:07,,2017-05-24 13:20:56
59,25,32,1,2001-05-18 05:07:49,,2009-04-29 20:35:18
94,10,22,1,2022-08-26 16:31:23,,2008-12-07 22:14:24
87,7,38,2,2000-07-10 19:49:50,,2010-05-11 03:22:22
58,47,9,2,2009-05-12 21:17:19,,2020-11-08 14:55:40
20,3,42,3,2020-11-14 18:41:44,,2010-08-07 16:42:50
88,17,18,4,2014-12-15 00:39:56,,2017-06-04 23:06:45
24,55,1,4,2017-05-12 05:28:18,,2001-10-12 17:59:02
35,54,47,3,2001-02-12 16:10:27,,2009-11-03 02:25:06
7,10,17,1,2017-09-21 01:01:28,,2013-03-21 18:20:54
22,16,6,4,2008-09-23 20:12:07,,2009-10-12 07:16:00
65,33,7,3,2009-05-24 07:57:35,,2013-10-08 01:17:13
5,9,14,2,2002-06-20 04:03:40,,2009-08-01 05:02:21
96,88,10,3,2017-01-07 15:02:28,,2020-04-13 10:09:24
10,13,18,3,2003-12-30 22:32:04,,2010-06-27 09:27:23
68,89,47,1,2012-10-14 08:54:59,,2013-01-28 07:03:13
80,67,48,4,2006-11-03 13:40:24,,2007-10-13 16:50:25
99,67,35,3,2021-12-08 20:05:44,,2005-06-15 18:18:26
34,17,39,1,2017-11-06 12:00:33,,2016-02-26 19:53:11
65,12,44,2,2006-06-01 13:25:20,2014-09-14 20:46:01,2015-09-27 08:31:19
52,37,25,1,2003-07-12 13:25:59,,2022-04-21 03:26:43
80,51,41,3,2022-07-04 08:20:10,,2005-06-28 10:35:09
31,97,27,4,2009-09-30 22:52:48,,2013-03-26 21:50:49
99,59,32,2,2015-09-26 09:54:03,,2008-06-21 04:20:27
3,88,9,2,2004-01-11 19:34:10,,2021-08-01 16:10:29
80,93,32,2,2018-04-23 14:19:31,,2005-12-23 21:27:56
44,85,12,3,2010-03-17 18:34:15,,2000-02-27 14:47:31
100,93,16,3,2004-10-07 15:47:23,,2020-03-05 07:36:59
43,14,30,2,2022-07-30 21:31:39,,2019-04-04 11:28:00
93,92,41,3,2007-05-01 14:39:18,,2001-02-23 22:30:07
17,29,2,2,2001-01-18 00:48:07,,2012-12-17 07:19:15
33,54,31,2,2007-03-06 20:32:27,,2001-05-07 10:53:26
2,98,17,4,2016-01-10 04:43:28,,2016-06-15 01:51:48
94,5,27,1,2003-12-27 04:15:45,,2004-11-10 19:56:15
61,33,32,4,2006-05-18 04:33:14,,2007-06-26 17:53:43
30,32,20,1,2000-03-28 00:42:04,,2002-10-23 03:23:57
86,84,46,4,2001-04-14 00:48:04,,2013-01-06 13:44:38
82,93,28,4,2013-09-07 05:02:58,,2007-06-27 04:38:09
60,31,28,3,2021-05-07 01:38:42,2010-04-14 12:27:53,2021-06-18 19:50:29
28,27,11,4,2003-01-10 16:10:59,,2020-03-26 11:02:52
36,32,11,1,2008-08-18 01:35:42,,2000-01-12 21:36:24
54,22,1,1,2013-01-09 19:42:45,,2009-01-31 12:08:48
77,19,17,1,2014-09-21 02:02:57,,2003-06-06 19:23:29
68,26,11,2,2018-08-10 16:22:17,,2009-06-02 19:35:07
50,76,22,2,2012-12-05 19:07:56,,2014-10-22 07:49:52
16,53,23,4,2003-08-11 01:29:36,,2020-02-22 00:19:04
88,48,19,2,2019-12-08 20:33:22,,2015-04-11 01:50:45
42,91,10,1,2011-05-04 05:40:46,,2013-07-19 10:39:35
54,38,48,3,2015-09-22 07:56:57,,2001-12-21 03:10:16
80,3,24,2,2000-08-28 02:43:10,,2007-08-20 18:15:15
38,43,2,4,2006-08-24 20:00:19,,2001-12-23 09:04:48
63,32,15,3,2012-05-22 04:28:55,,2015-05-09 21:30:46
16,31,14,3,2010-06-27 12:17:46,,2022-05-30 20:36:10
49,78,9,4,2018-04-26 10:47:56,2022-06-21 08:17:05,2019-06-10 10:31:12
58,37,19,2,2019-05-02 04:13:34,,2008-07-12 04:58:33
92,60,26,3,2000-01-08 06:56:05,,2007-02-24 23:47:12
54,77,19,1,2004-03-19 10:18:56,,2022-08-03 04:18:13
9,74,36,4,2009-08-18 12:22:39,,2022-12-10 06:55:12
33,96,27,3,2004-10-28 09:26:27,,2021-05-17 00:01:33
1,80,8,1,2005-12-16 00:54:47,,2006-02-03 13:00:10
5,89,24,2,2016-05-19 20:19:11,,2021-09-14 19:56:34
3,55,42,2,2020-12-10 19:01:21,,2013-04-01 02:14:45
77,43,21,3,2014-07-25 14:55:20,,2004-04-03 04:51:20
88,64,1,2,2016-04-15 12:25:25,,2012-04-15 05:08:01
12,94,12,3,2006-12-24 08:44:33,,2006-03-05 10:18:50
90,47,21,3,2002-02-23 15:04:33,,2014-10-21 22:06:26
89,44,47,2,2020-05-11 07:00:53,,2004-11-14 16:13:10
93,30,15,2,2006-08-12 19:30:09,,2001-02-07 18:59:33
99,30,28,2,2001-03-31 09:03:45,,2016-12-27 16:30:04
75,12,35,3,2002-05-11 20:09:38,2006-08-03 23:03:45,2017-10-14 12:25:42
47,33,35,4,2001-01-22 11:45:45,,2000-02-27 01:27:58
96,28,18,2,2012-04-29 03:25:22,,2013-10-22 21:42:56
59,37,20,3,2010-03-22 10:54:10,,2002-07-23 10:52:18
77,30,24,2,2019-02-06 02:16:17,,2011-03-09 14:46:25
39,82,8,4,2019-06-04 10:29:15,,2003-06-25 14:41:17
70,1,24,2,2020-09-14 16:39:01,,2009-07-30 18:37:04
92,43,26,3,2007-08-24 13:38:34,,2014-07-27 04:53:07
5,26,39,4,2001-01-10 11:38:59,,2006-12-28 16:03:52
76,78,21,2,2005-08-02 01:45:14,,2020-01-19 07:12:48
14,34,27,1,2003-02-27 01:42:48,,2016-07-06 09:20:06
59,95,12,2,2000-06-14 21:46:22,,2015-03-18 20:17:53
37,5,6,1,2020-01-02 05:35:21,,2011-09-12 04:46:56
33,38,7,4,2008-05-05 20:43:17,,2019-11-06 17:42:04
73,67,11,1,2013-08-26 22:33:37,,2001-06-12 03:15:40
89,60,13,3,2015-02-28 21:55:26,,2006-03-27 00:09:52
35,5,20,1,2003-01-28 07:42:12,,2002-03-12 00:44:36
84,44,2,2,2016-08-26 00:04:36,,2004-09-10 17:24:36
20,31,20,1,2004-03-07 15:36:32,2001-12-19 11:59:57,2014-09-09 03:39:18
6,81,29,4,2005-02-04 20:57:18,,2015-04-22 02:23:54
17,27,28,4,2000-11-11 15:33:12,,2006-07-12 04:11:04
20,49,13,3,2013-10-04 16:31:22,,2006-09-11 07:04:20
49,1,42,2,2010-10-07 03:22:51,,2003-12-30 08:30:13
80,55,21,3,2005-07-07 04:25:15,,2012-01-11 07:08:03
96,99,37,3,2013-06-24 16:54:04,,2004-04-17 18:33:31
66,59,22,1,2010-01-17 10:41:11,2018-04-20 08:15:43,2005-11-12 01:55:43
99,43,16,3,2019-01-18 22:18:26,,2000-08-23 08:27:52
70,92,13,1,2014-05-01 15:02:53,,2000-11-25 16:05:58
78,86,5,1,2002-03-12 15:14:20,,2020-06-09 18:33:29
36,64,31,4,2010-10-19 23:20:35,,2021-05-25 12:39:48
10,64,5,4,2017-05-16 23:23:18,,2020-11-21 01:46:52
41,36,15,4,2001-08-03 19:08:30,,2001-11-29 08:15:16
96,76,25,3,2010-06-21 11:32:39,,2022-12-28 23:17:01
54,12,9,3,2001-06-23 05:51:19,,2021-08-25 08:45:38
17,39,1,3,2007-11-28 13:38:32,,2000-02-03 23:11:57
60,42,47,1,2018-11-16 14:00:49,,2004-10-30 12:14:55
9,48,33,4,2010-12-07 10:36:28,,2017-12-11 22:43:56
4,85,37,3,2000-07-05 01:17:39,2014-05-30 01:53:00,2006-03-01 10:48:19
9,19,7,2,2003-12-10 18:45:30,,2022-01-29 20:08:35
38,51,33,2,2021-09-22 20:32:41,,2022-02-19 18:13:09
37,90,43,4,2002-03-29 07:15:56,2008-02-17 21:20:34,2011-01-22 02:13:06
71,57,7,3,2000-05-15 02:26:01,,2017-12-31 20:35:57
19,96,17,1,2017-11-06 01:02:53,,2010-11-10 02:33:53
64,100,49,1,2006-10-25 18:22:09,,2020-06-09 20:27:37
73,51,49,1,2022-05-29 17:09:54,,2020-02-19 12:12:31
40,94,8,2,2001-07-06 01:27:55,,2014-12-22 12:03:21
46,72,1,1,2008-04-13 08:21:20,,2002-04-22 13:20:12
43,27,7,1,2009-04-15 08:02:25,,2021-03-18 03:20:48
59,59,4,2,2017-04-24 12:04:58,,2016-07-19 22:35:58
26,37,37,1,2017-12-31 21:00:10,,2005-04-08 20:07:46
99,99,15,1,2021-01-08 10:22:15,2012-04-08 02:26:51,2002-02-11 12:27:34
74,2,14,1,2013-05-11 10:56:23,,2021-11-12 08:46:05
85,89,48,2,2011-07-08 06:00:26,,2014-12-24 14:36:21
70,5,50,4,2004-09-20 10:33:18,,2018-05-19 05:22:56
98,84,16,1,2014-04-14 23:38:08,,2020-10-04 21:24:39
47,1,8,3,2005-01-28 12:40:12,,2013-11-02 01:28:51
62,15,6,1,2017-04-16 11:55:58,,2001-12-06 05:16:57
56,95,33,2,2009-08-10 14:54:51,,2014-06-06 19:01:20
69,68,21,1,2009-06-07 12:36:03,2018-05-09 05:32:24,2020-06-09 10:42:34
86,17,11,3,2008-02-29 21:32:21,2011-06-14 09:43:47,2018-04-24 13:29:17
50,2,29,1,2005-09-28 18:12:28,,2018-09-26 06:22:04
37,40,31,4,2006-01-03 14:46:39,2021-03-03 10:11:09,2000-06-18 18:19:41
23,84,35,1,2022-11-27 03:30:38,2011-02-15 05:53:16,2001-09-10 17:10:25
6,13,26,4,2008-08-08 12:05:04,,2014-05-07 02:30:58
46,2,33,3,2002-10-13 22:05:22,,2011-07-31 01:33:39
27,78,37,2,2014-05-21 19:30:39,2017-07-19 03:08:13,2006-03-31 07:57:46
70,92,7,2,2000-08-16 19:35:56,,2003-07-03 06:11:39
14,80,41,1,2005-10-14 08:13:23,,2017-11-06 08:00:54
1,39,24,1,2022-06-15 08:53:11,,2021-12-19 17:46:19
68,50,43,2,2000-05-13 04:56:47,2010-05-27 06:49:03,2003-10-14 12:10:08
16,63,50,2,2018-07-15 06:00:56,,2015-12-30 15:53:38
99,63,46,1,2015-06-04 15:47:43,,2022-03-12 14:26:47
75,77,43,4,2004-04-09 08:52:53,,2019-07-17 11:06:35
38,88,14,4,2008-11-11 04:20:29,,2006-04-20 10:40:44
89,1,16,1,2016-03-01 00:11:04,,2000-04-04 02:44:32
83,15,20,2,2019-01-21 01:38:16,,2010-02-11 07:00:22
21,35,7,3,2011-02-28 12:21:40,,2018-02-08 09:11:04
25,9,2,1,2001-01-06 12:05:20,,2000-01-12 14:20:46
46,65,37,3,2015-12-23 23:30:18,,2015-11-18 22:18:53
5,61,25,1,2016-05-04 21:51:10,,2018-03-04 20:57:16
95,42,2,3,2007-10-16 20:33:00,,2000-11-30 15:41:56
92,81,11,4,2020-08-03 12:59:07,,2022-11-29 21:26:10
36,11,8,1,2022-09-20 07:30:27,,2000-05-16 06:24:34
84,38,16,1,2015-12-05 13:29:59,2002-09-29 13:17:35,2002-10-29 13:58:18
14,22,47,4,2005-03-03 19:58:37,,2022-10-29 20:14:56
15,80,32,2,2001-02-26 07:14:29,,2005-09-08 19:15:08
67,96,45,2,2022-03-15 04:59:27,,2007-10-27 10:44:57
57,81,31,1,2014-09-12 03:09:22,,2003-05-17 08:25:14
25,90,24,3,2009-01-05 11:00:33,,2010-05-09 10:56:20
48,69,13,2,2000-05-17 19:29:59,,2013-05-03 05:12:00
57,12,16,3,2016-04-12 14:31:03,,2001-12-30 08:39:27
87,24,33,3,2000-05-22 18:13:25,,2012-09-05 17:39:54
49,42,27,4,2008-04-24 04:19:18,,2000-10-02 02:57:53
92,70,40,4,2004-01-01 15:14:02,,2007-06-30 07:27:00
80,93,41,2,2006-11-27 16:36:56,,2003-02-09 10:06:07
14,83,2,2,2022-03-03 21:57:03,,2001-01-18 16:38:24
22,22,19,2,2003-06-30 03:51:12,,2004-10-25 06:56:46
14,22,8,4,2007-08-09 15:01:20,,2001-06-02 09:08:44
39,55,13,4,2003-10-09 11:44:39,,2020-08-18 17:30:36
48,64,36,4,2010-03-02 14:51:34,,2014-02-08 11:27:19
81,42,6,3,2017-10-09 10:11:49,,2016-06-11 03:31:07
22,37,30,3,2004-10-19 16:02:02,,2021-07-31 03:24:19
47,20,37,3,2009-05-15 08:24:43,,2011-03-27 08:35:22
15,55,25,4,2006-12-23 11:42:14,,2003-10-31 00:39:51
4,94,37,2,2003-08-31 08:35:09,,2002-01-22 10:14:26
48,23,49,1,2021-06-06 23:24:31,,2019-02-09 01:04:15
83,3,35,4,2007-03-06 00:16:49,,2005-03-14 15:50:02
43,49,1,4,2018-02-20 03:37:02,,2016-11-18 01:17:09
36,74,42,4,2000-11-12 08:17:20,,2003-11-04 16:50:10
21,11,50,1,2012-12-22 22:57:09,,2003-05-22 04:03:13
85,66,29,2,2020-05-18 23:34:07,2014-06-05 17:59:12,2019-03-02 20:09:10
33,90,25,2,2008-01-03 11:51:39,,2018-12-01 01:50:02
19,66,2,4,2002-11-02 14:01:01,,2003-12-19 11:25:13
35,71,13,4,2013-05-02 08:37:56,,2013-01-20 16:43:15
39,73,23,1,2002-12-05 21:45:05,,2013-08-14 08:03:04
69,69,27,3,2000-06-22 22:49:06,,2021-10-20 02:39:24
74,91,18,4,2001-10-12 01:37:55,,2006-04-27 01:59:05
40,87,29,1,2005-07-26 12:53:01,,2002-06-28 14:29:04
97,24,18,2,2020-10-04 06:32:00,2014-08-01 23:40:44,2009-06-02 10:34:13
28,42,5,1,2022-01-01 19:34:31,2004-02-14 17:05:26,2004-07-18 05:24:24
50,13,24,4,2000-12-05 01:56:44,,2007-03-25 03:34:27
34,12,12,2,2007-03-21 01:47:39,,2001-11-01 22:30:59
53,68,26,3,2001-06-14 09:51:40,,2015-10-16 19:23:50
22,65,32,3,2006-04-08 19:18:54,,2011-07-28 00:24:07
49,54,5,4,2013-11-05 00:31:41,,2000-04-16 20:09:37
70,41,38,3,2003-12-11 07:27:58,,2020-09-15 06:16:06
26,17,1,2,2016-08-25 01:40:06,,2011-04-12 11:48:42
90,28,13,3,2006-03-25 05:59:33,,2013-11-14 07:43:27
11,35,13,4,2013-01-03 07:34:06,2019-02-17 04:39:12,2018-09-09 16:03:14
34,68,18,3,2020-05-11 11:29:49,2019-02-13 09:27:15,2000-07-25 17:56:01
86,32,9,2,2003-01-12 14:25:47,2006-04-03 01:08:29,2021-07-30 23:49:08
27,35,23,1,2004-11-10 21:15:12,,2014-03-14 14:23:10
1,88,49,4,2009-07-11 03:21:57,,2014-04-21 12:26:47
28,6,1,4,2015-11-17 03:12:58,,2014-12-03 21:05:02
50,99,25,1,2001-10-16 11:53:27,,2018-05-01 09:41:38
20,76,40,4,2019-03-12 09:30:07,,2002-04-11 04:15:26
48,44,12,1,2018-02-12 06:41:34,,2012-05-27 10:11:53
53,77,33,3,2020-08-10 02:06:35,2014-10-05 10:41:37,2013-01-15 20:12:13
64,97,1,2,2015-03-01 13:44:30,,2016-07-30 07:06:14
33,92,7,3,2022-09-18 00:59:53,2000-09-27 00:34:33,2015-03-30 16:46:07
27,66,21,3,2008-06-08 04:58:18,,2014-01-07 20:59:54
43,37,35,1,2020-12-31 22:39:56,,2005-06-23 20:06:00
86,83,3,2,2008-03-29 23:11:19,,2022-06-08 03:41:59
51,63,17,3,2015-06-04 21:01:31,,2013-11-10 19:58:44
77,97,40,4,2014-02-25 15:27:29,,2019-09-10 21:07:17
12,2,22,2,2006-02-18 11:53:07,,2007-07-27 09:03:07
93,25,3,2,2002-09-05 12:54:40,,2004-10-15 01:12:57
100,54,37,3,2002-07-23 23:11:34,,2021-08-11 07:32:38
57,93,41,1,2003-01-09 02:25:08,,2019-11-27 15:01:29
82,68,44,3,2015-06-07 08:06:21,,2011-07-09 15:02:55
47,7,48,1,2013-07-20 16:29:48,,2005-09-16 12:51:07
64,20,42,4,2019-03-21 08:32:50,,2013-06-25 21:10:04
92,78,39,1,2000-06-03 18:54:59,,2014-05-14 08:40:24
10,24,38,1,2007-04-07 19:35:36,,2022-06-18 01:38:05
88,68,25,3,2015-02-06 21:36:50,,2012-06-11 21:47:54
6,2,21,3,2007-07-10 00:33:06,,2009-02-07 03:29:12
66,100,9,4,2014-03-14 00:36:57,,2005-07-09 04:53:55
42,26,39,4,2004-05-26 07:31:23,,2014-11-03 08:17:29
20,67,49,3,2008-11-21 10:17:07,,2004-07-13 13:47:57
46,64,9,2,2015-01-25 10:01:46,,2021-03-28 11:04:53
44,18,1,2,2021-05-04 05:42:16,,2018-12-17 09:36:11
47,18,37,1,2021-02-22 14:11:02,,2021-03-22 15:07:06
31,78,14,3,2013-10-21 04:19:45,,2003-02-16 05:32:29
10,71,18,4,2012-05-29 19:36:42,,2022-10-26 14:09:44
48,100,24,2,2010-10-03 18:30:52,,2005-11-24 01:58:02
31,82,29,1,2015-11-14 20:34:36,,2003-06-02 08:37:10
82,8,38,3,2003-03-16 19:27:28,,2003-07-17 00:19:11
26,75,12,4,2002-12-18 01:50:07,,2006-03-25 04:31:43
22,66,34,1,2022-05-13 07:13:12,,2013-05-14 19:28:13
47,31,37,1,2021-02-20 12:51:02,,2014-09-07 12:00:09
40,77,13,3,2020-05-06 17:29:12,,2018-08-15 06:30:04
60,10,15,4,2013-12-15 08:08:22,,2011-04-11 11:32:30
85,36,1,2,2003-05-02 14:32:02,,2020-07-21 22:22:23
80,51,24,1,2021-01-12 19:11:06,,2022-07-09 02:56:49
51,17,44,2,2020-06-04 08:18:27,,2006-12-01 20:15:40
41,50,21,4,2010-01-03 05:20:43,,2009-01-24 16:34:17
98,31,14,3,2003-03-16 10:41:20,,2000-11-19 13:07:54
94,9,9,2,2015-01-04 18:41:42,,2012-10-22 20:08:29
2,33,37,1,2015-01-20 19:33:45,,2017-08-22 03:01:09
44,60,23,3,2013-03-30 07:43:46,,2009-10-23 08:33:16
40,23,19,2,2015-04-07 09:23:29,,2004-02-28 10:52:02
13,15,28,1,2011-01-12 20:18:58,,2012-04-23 20:40:41
83,25,48,1,2000-08-10 08:43:08,,2014-01-30 00:26:14
75,16,1,2,2010-08-16 05:20:33,,2020-01-09 21:01:06
97,33,29,2,2012-06-17 06:37:00,,2008-02-26 07:01:17
63,98,33,1,2010-02-25 10:14:38,,2001-06-22 18:56:56
97,67,20,2,2009-07-29 17:58:59,,2003-12-15 19:05:10
16,35,3,3,2005-06-08 20:21:58,,2005-07-18 09:29:23
29,42,2,1,2000-04-28 01:27:22,,2013-06-04 12:20:29
31,20,32,1,2017-04-28 16:07:32,,2000-01-10 06:15:26
39,43,17,3,2011-09-07 17:37:32,,2013-09-28 15:54:40
37,41,12,1,2013-10-24 11:25:24,,2014-03-11 17:01:53
44,77,7,4,2018-10-19 19:32:16,,2010-08-01 17:39:38
64,95,8,4,2007-02-06 17:06:52,2007-07-11 21:57:49,2011-02-05 20:14:29
89,42,24,2,2014-10-19 11:05:48,,2019-01-01 17:14:16
93,57,34,1,2014-07-16 03:35:09,,2000-05-27 15:23:14
32,4,46,1,2018-10-28 18:29:09,,2019-01-06 06:59:55
99,78,35,3,2009-03-25 14:44:58,,2000-03-03 00:26:26
91,24,34,3,2001-10-04 12:32:05,,2014-02-15 22:35:59
49,21,6,2,2006-09-30 23:30:48,2001-11-26 05:51:31,2019-05-08 03:06:03
10,61,12,4,2005-02-28 19:39:53,,2019-08-16 17:08:48
30,76,1,2,2010-08-20 03:46:52,,2021-08-12 14:37:44
60,97,4,3,2008-07-03 21:25:27,,2020-09-25 23:29:23
46,18,44,1,2012-11-19 13:00:44,,2017-06-27 20:36:39
9,41,30,1,2017-05-04 16:15:37,,2007-12-09 15:42:00
47,2,44,2,2009-08-10 23:38:30,,2019-08-13 08:18:28
32,2,25,4,2019-06-02 18:10:01,,2012-09-18 05:43:25
70,5,30,1,2007-03-25 08:17:18,,2017-08-30 10:04:45
78,41,10,3,2009-01-15 11:16:35,2006-03-03 13:31:05,2013-01-27 16:19:19
63,18,41,2,2004-04-26 20:29:37,,2017-12-04 01:52:14
26,6,6,2,2015-05-28 20:47:34,2003-10-04 04:00:56,2018-01-30 09:26:04
26,59,20,3,2015-07-27 22:43:45,,2016-08-22 03:39:54
14,33,48,4,2009-08-13 05:12:28,,2004-07-18 00:55:29
86,42,27,1,2015-11-15 00:48:21,,2005-02-10 20:50:25
56,80,21,4,2004-11-23 02:39:27,,2014-06-01 05:17:49
86,36,45,3,2004-03-19 21:22:38,,2003-11-12 12:15:06
51,55,25,1,2015-03-12 02:12:19,,2022-02-08 08:53:03
86,82,6,2,2003-07-30 14:47:47,,2007-04-18 12:40:32
3,73,14,2,2007-03-04 00:11:49,,2021-10-12 19:50:44
50,38,21,3,2018-11-24 00:14:19,,2003-01-17 05:52:34
88,66,20,4,2014-03-23 12:06:05,,2017-10-20 16:21:07
20,14,43,3,2006-07-03 18:27:42,,2002-08-17 16:08:15
11,37,5,4,2016-04-16 19:49:06,,2014-11-10 15:09:07
91,16,12,2,2013-06-27 12:08:19,,2009-04-21 18:13:52
12,33,22,2,2013-04-06 06:51:05,,2016-12-06 10:46:45
76,67,15,3,2015-04-16 07:50:44,,2004-03-03 19:54:48
15,65,33,2,2011-11-02 06:18:25,,2011-05-05 02:09:50
3,67,40,2,2009-11-16 21:38:00,,2020-06-29 00:04:58
48,79,44,1,2006-10-03 02:19:11,,2004-08-31 10:53:36
6,90,30,2,2006-06-17 18:26:01,,2011-06-19 14:09:40
15,38,16,3,2003-07-23 10:33:30,,2001-11-02 09:03:24
26,36,11,1,2013-09-30 01:22:32,2015-02-02 07:26:21,2006-06-23 17:02:36
19,91,50,3,2008-07-30 06:42:21,,2013-08-09 14:00:05
40,89,41,4,2021-03-24 01:37:22,,2012-06-09 09:22:39
25,38,26,4,2003-07-23 03:19:01,,2013-02-24 00:29:59
47,74,38,3,2008-05-26 01:47:06,,2000-03-02 03:46:43
28,17,50,2,2011-01-29 07:05:05,,2019-06-17 06:15:47
30,28,42,4,2001-01-29 21:20:20,,2017-06-13 19:13:15
73,3,47,1,2015-06-08 08:15:57,,2017-05-06 06:53:50
39,23,40,4,2012-02-24 00:20:00,,2004-06-01 11:18:34
96,62,14,3,2011-10-17 01:52:57,,2006-06-01 22:55:50
3,91,43,4,2014-12-08 00:53:39,,2022-06-11 01:09:26
46,20,42,4,2008-02-02 12:51:24,,2022-09-18 17:30:11
66,87,19,2,2014-05-13 20:12:39,,2014-09-04 11:07:39
67,61,47,3,2018-08-19 06:42:54,,2021-09-05 12:52:19
87,92,5,4,2021-04-23 11:07:23,,2011-07-26 13:48:55
91,30,9,3,2020-06-13 13:06:42,,2014-05-17 22:06:56
82,4,11,2,2014-01-20 06:08:58,,2006-09-23 08:37:12
63,73,50,1,2019-06-11 09:22:07,2000-01-21 17:17:13,2007-08-08 09:44:28
25,68,7,3,2004-01-15 07:26:31,,2015-02-07 02:51:22
36,22,11,3,2021-03-25 01:44:58,,2016-11-10 23:15:36
3,38,10,2,2013-07-28 10:25:01,,2001-11-24 07:01:04
89,73,30,1,2006-01-09 19:30:24,2018-11-24 16:15:21,2016-11-21 12:19:28
96,50,35,3,2020-03-07 09:32:34,,2013-10-11 00:52:12
73,49,20,1,2015-04-01 18:07:43,,2001-08-08 11:24:53
74,19,27,1,2014-06-28 15:24:17,,2009-05-13 00:34:05
96,31,40,2,2006-09-20 09:33:47,,2016-03-04 03:24:38
75,72,33,3,2022-06-21 22:38:22,2005-07-17 15:39:06,2008-08-09 03:50:00
85,70,27,3,2018-06-23 08:22:32,,2007-12-17 06:02:03
39,28,46,4,2014-03-20 07:34:45,,2022-05-17 22:02:06
97,3,4,1,2002-09-03 18:24:35,2007-11-09 17:58:56,2002-04-10 20:32:32
5,25,9,2,2000-10-12 16:11:19,,2017-04-01 15:31:36
63,87,38,3,2009-08-03 07:01:32,,2005-08-20 12:00:51
90,74,41,1,2020-07-23 15:16:50,,2005-10-31 02:29:03
44,100,37,3,2004-05-14 07:02:40,,2001-04-04 08:56:01
71,33,18,3,2008-10-15 12:53:31,,2006-07-12 14:54:54
17,85,45,2,2012-12-17 05:00:42,,2018-07-20 07:18:00
90,28,3,3,2022-10-14 06:58:55,,2016-07-25 04:39:55
20,46,41,1,2021-05-22 04:06:22,,2004-07-04 22:55:46
27,8,32,1,2016-12-28 04:01:06,,2003-10-22 09:30:26
55,14,31,1,2001-08-29 16:49:01,,2014-04-26 05:21:31
56,42,28,3,2010-09-08 08:52:08,,2019-09-04 18:49:41
44,93,34,1,2004-08-14 12:52:00,,2008-12-31 21:48:07
59,11,11,2,2022-12-05 02:47:02,,2006-12-22 13:42:13
22,10,11,4,2001-09-05 22:52:18,,2011-09-26 01:13:58
81,90,7,4,2018-12-31 10:13:09,,2015-04-23 14:04:14
75,22,12,2,2011-02-02 08:15:08,,2007-09-09 02:27:09
36,19,35,2,2018-05-23 04:02:19,,2008-10-21 21:24:40
54,33,30,4,2009-10-31 17:41:12,2010-12-08 17:18:48,2008-08-29 15:18:11
60,86,14,3,2001-05-11 06:01:12,2013-12-06 16:18:02,2018-01-29 12:52:29
48,52,8,1,2022-12-21 01:58:24,2003-03-26 04:12:43,2000-11-10 19:22:25
9,20,22,4,2015-09-07 02:08:21,,2005-05-16 10:20:31
81,83,12,4,2008-05-22 06:05:28,,2002-10-20 00:47:29
49,69,45,1,2018-10-21 06:46:50,,2019-08-31 18:15:21
13,16,13,4,2010-05-01 05:38:28,,2015-12-07 11:17:03
62,78,21,3,2003-08-07 12:47:05,,2021-11-12 06:04:06
91,70,34,2,2004-10-27 14:20:10,,2006-04-16 18:03:50
47,4,16,3,2018-09-09 11:09:26,,2020-08-27 03:42:18
86,73,26,1,2017-09-24 04:23:49,2013-09-22 09:10:10,2001-08-30 16:59:36
61,43,21,4,2013-04-19 18:38:28,,2003-08-20 15:22:17
98,6,20,3,2020-05-07 23:23:55,,2017-11-14 07:21:44
81,96,17,4,2002-03-05 14:45:33,,2005-12-15 07:37:09
49,83,29,3,2014-02-06 21:15:54,,2018-11-05 06:31:33
24,63,16,4,2006-06-28 07:49:25,,2021-07-11 05:46:28
82,78,18,3,2004-10-13 14:57:48,,2019-02-20 21:21:32
76,3,47,2,2014-11-25 21:15:48,2011-01-10 07:24:32,2015-10-04 09:03:56
89,52,22,3,2015-03-15 09:45:13,2000-11-11 05:14:16,2022-10-15 19:48:08
51,67,46,1,2001-01-29 06:02:28,,2013-01-09 11:59:15
68,31,20,3,2004-07-16 16:49:13,2011-12-24 14:02:57,2013-01-14 17:58:33
92,35,21,1,2007-07-28 02:49:09,,2009-09-01 23:50:21
83,36,13,2,2001-05-28 22:40:56,,2015-10-12 21:36:10
64,47,11,4,2004-08-29 12:42:57,,2017-08-12 03:55:56
7,4,24,3,2001-11-14 07:28:00,,2021-06-01 06:03:21
93,91,6,1,2004-06-22 12:12:46,,2022-04-04 09:39:08
58,50,17,1,2019-03-14 00:39:10,,2017-02-24 19:08:18
53,77,17,3,2010-04-29 08:12:38,2019-01-03 22:26:50,2012-04-01 19:01:38
62,47,14,3,2017-11-25 02:22:16,,2003-03-18 10:59:50
55,29,34,3,2007-12-07 10:06:57,,2017-11-25 07:21:03
46,95,44,1,2014-10-18 12:17:45,,2003-01-05 02:39:07
77,38,45,3,2011-08-28 00:26:30,,2017-07-06 00:05:38
94,28,46,4,2010-07-30 07:46:32,,2000-02-02 12:05:35
29,32,33,1,2006-03-17 07:12:31,,2005-01-26 21:35:00
78,28,13,4,2010-10-13 08:41:00,,2012-05-19 11:30:10
86,99,13,3,2022-07-03 22:58:03,,2012-02-14 04:59:49
5,93,35,1,2000-04-06 21:33:55,,2016-11-29 23:29:41
79,51,7,1,2022-12-09 16:22:40,,2013-10-19 21:07:33
31,62,20,1,2012-06-28 02:40:57,,2001-04-12 12:38:53
97,99,34,2,2007-01-28 15:29:05,,2003-01-21 23:24:35
10,1,14,3,2002-07-18 06:03:55,,2012-05-10 04:33:15
100,50,29,1,2022-09-13 07:43:36,,2019-10-25 16:46:07
55,68,29,4,2001-04-05 00:55:20,,2021-08-04 14:23:19
86,100,31,3,2002-05-27 00:13:16,,2003-06-05 06:03:50
69,76,41,4,2012-10-09 23:11:39,,2015-10-22 00:31:29
81,72,38,3,2001-12-19 19:54:43,,2019-12-21 20:25:50
16,58,39,1,2007-07-19 12:41:51,,2014-08-25 19:13:49
28,48,50,2,2004-02-06 05:25:43,,2006-03-13 18:53:42
96,92,44,3,2002-03-06 03:07:20,,2010-02-04 21:53:56
53,78,46,1,2008-08-27 12:35:31,,2015-07-28 13:59:37
76,67,2,2,2015-09-14 02:50:36,,2022-03-25 11:17:08
73,34,15,2,2008-12-11 13:13:41,,2016-01-28 10:50:36
73,53,46,2,2014-04-27 07:02:37,,2010-05-09 21:54:24
75,19,30,3,2018-12-28 22:28:11,2010-05-03 02:27:16,2021-05-21 16:47:18
63,11,49,3,2006-11-17 10:15:35,,2015-07-10 17:12:21
11,74,34,1,2013-11-16 11:38:37,,2009-07-06 08:00:58
69,70,20,2,2005-07-02 20:15:46,,2019-04-28 23:46:52
17,92,16,4,2017-08-08 17:03:51,,2019-02-27 00:23:14
9,67,34,3,2017-03-30 13:36:27,,2016-12-23 11:29:59
2,70,15,1,2021-05-26 16:42:09,,2001-05-07 14:14:26
41,41,48,4,2005-10-22 14:37:52,,2017-05-11 05:49:40
65,95,26,3,2010-06-17 14:18:03,,2020-10-18 19:09:41
35,55,10,2,2011-11-28 23:41:46,,2006-03-31 02:14:30
36,57,39,3,2015-02-23 02:02:48,,2002-06-24 17:27:56
32,96,35,1,2007-09-07 04:21:27,,2004-01-05 11:02:56
37,83,38,3,2004-09-22 08:18:41,,2002-03-17 03:17:54
1,91,22,3,2003-05-01 21:36:50,,2012-05-09 23:08:30
14,52,10,3,2005-06-26 04:47:12,,2013-08-31 00:05:20
45,47,36,4,2009-01-13 13:57:37,,2006-08-05 08:57:30
91,82,10,3,2016-09-28 18:08:12,,2014-12-21 02:58:05
16,91,10,4,2008-07-03 13:05:14,,2000-09-14 07:14:36
51,27,14,3,2015-08-02 08:32:35,,2014-03-31 19:33:13
32,63,35,2,2013-09-06 00:31:51,,2009-04-13 01:53:33
47,73,42,2,2019-03-29 01:00:37,,2002-04-28 12:29:24
48,41,42,4,2001-05-31 04:59:59,2015-08-05 12:13:54,2014-02-25 00:18:29
93,65,23,3,2021-04-19 06:24:29,,2001-08-28 07:17:06
28,76,37,1,2002-05-05 12:00:34,2022-10-24 15:03:27,2013-07-25 07:45:40
51,71,41,4,2011-08-13 12:33:55,,2010-03-03 06:50:33
88,68,21,1,2017-01-15 08:39:54,,2005-06-20 23:14:20
4,44,3,3,2007-01-01 00:49:38,,2008-04-09 11:59:53
79,74,44,3,2014-01-17 06:58:21,,2009-12-22 21:49:02
35,95,49,1,2013-12-27 19:44:37,,2013-07-03 07:22:57
53,61,9,1,2022-02-26 23:49:40,,2021-07-05 15:12:30
28,99,11,4,2006-01-26 07:51:37,,2019-07-07 01:22:02
73,93,50,4,2019-12-26 17:31:35,,2011-11-29 10:43:02
85,86,44,3,2003-07-10 19:38:49,,2005-09-03 15:15:02
67,82,50,1,2018-01-19 13:12:22,,2012-03-31 15:48:07
45,18,19,2,2005-05-25 07:31:26,,2009-02-01 09:57:21
96,6,11,4,2019-10-22 00:16:09,,2018-06-06 09:24:35
10,1,6,2,2013-12-01 21:06:22,,2006-09-19 04:42:30
66,78,39,3,2011-12-14 10:35:56,,2007-05-08 22:08:03
53,28,46,3,2022-07-12 03:53:23,,2011-08-09 08:39:42
49,63,1,2,2012-04-10 01:04:29,,2018-08-06 09:45:11
36,87,19,2,2012-08-10 08:08:17,,2012-04-14 21:58:35
70,32,40,1,2018-08-12 16:52:48,,2019-04-12 15:59:51
71,26,15,4,2003-02-04 07:24:57,,2015-11-03 00:24:38
52,86,13,1,2007-09-21 23:26:43,,2011-01-18 00:34:58
45,83,9,2,2007-09-11 05:16:48,,2000-10-13 07:37:14
20,19,1,2,2016-08-03 01:41:39,2008-05-22 14:08:51,2006-05-10 18:30:35
59,95,45,1,2006-03-08 17:47:16,,2016-01-12 01:10:25
55,15,18,4,2017-06-04 17:48:15,,2019-03-14 22:24:04
65,88,30,4,2010-07-21 03:41:41,,2021-04-19 15:45:53
98,94,35,3,2007-02-17 07:59:56,,2017-06-22 15:19:11
54,40,34,1,2022-12-25 18:55:40,,2009-02-13 07:56:47
89,83,14,3,2018-09-19 06:04:01,,2012-10-27 13:42:32
82,24,37,3,2014-03-05 03:55:53,,2010-04-21 09:24:40
7,6,29,2,2015-07-21 08:23:27,,2012-10-05 14:49:33
40,79,3,4,2019-10-16 13:13:01,,2015-09-04 08:15:38
52,82,8,1,2008-12-02 19:05:47,,2002-02-26 12:52:48
2,57,12,2,2002-03-06 04:13:05,,2012-06-10 13:42:17
68,89,29,4,2010-02-02 10:01:00,,2003-03-15 23:34:05
20,66,22,1,2018-05-01 14:05:08,,2007-04-12 10:19:04
21,7,4,1,2007-05-18 21:54:13,,2021-10-03 13:16:46
46,26,32,2,2005-03-21 16:40:40,,2011-02-26 03:50:48
43,50,41,3,2013-04-10 15:22:08,,2017-10-22 00:26:33
44,14,11,1,2022-12-01 11:11:10,,2007-06-20 23:41:22
84,20,39,3,2004-05-28 15:35:40,2017-08-13 01:31:00,2007-04-11 13:40:02
80,64,10,3,2013-03-07 04:11:38,,2014-10-04 02:26:44
49,40,15,1,2011-03-24 16:50:20,,2015-12-04 03:08:05
25,87,11,3,2010-08-11 23:58:57,,2005-10-04 21:21:16
50,49,25,2,2008-12-29 11:09:38,,2011-05-25 08:00:59
45,13,36,1,2019-02-12 10:18:32,,2019-01-05 21:28:16
98,68,17,1,2012-01-03 19:26:36,,2004-04-24 07:30:40
26,31,23,2,2004-08-15 01:57:43,,2007-10-16 00:53:38
41,16,23,4,2021-05-30 12:23:50,,2015-05-01 21:19:25
20,37,26,2,2016-04-16 07:07:49,,2022-05-17 19:37:28
29,68,15,1,2016-03-14 01:12:04,,2011-11-03 05:06:26
42,25,20,3,2008-10-27 19:27:34,2008-08-27 15:45:19,2005-03-09 21:16:52
98,99,22,4,2001-08-21 19:32:02,,2002-06-14 12:30:12
84,27,4,4,2016-10-11 13:04:49,,2004-11-21 02:09:17
86,40,12,4,2009-02-17 11:12:05,,2010-10-11 17:01:12
55,66,50,4,2018-06-25 02:00:54,,2005-03-20 16:11:04
17,69,20,4,2021-07-13 04:45:40,,2018-03-02 10:12:19
47,21,17,3,2009-12-23 11:24:04,,2019-09-11 09:43:38
66,52,27,2,2006-09-26 05:04:55,,2010-02-27 13:30:27
69,96,26,2,2021-10-12 04:05:35,,2006-06-14 09:00:59
75,82,41,2,2012-03-01 20:10:03,,2015-09-29 00:32:10
16,57,49,4,2017-06-12 05:45:40,,2013-09-14 12:34:15
58,55,46,1,2013-06-06 13:09:30,2002-02-13 21:27:16,2013-10-01 12:34:38
83,91,16,3,2010-03-16 08:51:55,,2021-10-01 11:47:13
12,92,15,2,2015-12-01 18:00:15,,2005-07-14 09:27:27
95,89,2,3,2021-09-09 12:10:15,,2021-05-28 23:25:09
45,74,36,2,2010-09-12 20:32:57,,2015-02-04 10:22:03
96,36,40,1,2017-03-10 00:22:22,,2005-04-14 03:33:18
77,39,17,2,2020-02-21 15:27:51,,2006-04-07 21:51:17
29,17,34,3,2004-02-17 21:49:28,,2007-08-10 19:05:10
61,14,18,4,2019-07-02 09:23:46,2018-11-08 08:51:05,2007-09-06 20:38:58
31,3,47,2,2017-01-03 04:11:35,,2020-01-26 23:44:33
83,75,26,1,2010-10-16 09:16:22,,2013-11-23 16:37:45
20,48,36,3,2002-11-21 22:34:45,,2017-06-03 06:48:53
33,7,48,2,2020-12-13 04:47:02,,2010-06-28 20:32:22
94,34,34,1,2007-04-03 09:41:57,,2009-10-08 20:03:53
74,71,12,1,2013-09-24 06:47:06,,2007-06-13 06:17:51
73,56,2,2,2008-06-11 17:01:17,,2004-12-21 05:37:27
82,11,1,4,2021-10-18 17:35:56,,2013-09-05 09:31:23
56,89,44,2,2014-03-19 10:31:59,,2007-03-02 04:19:13
44,51,11,2,2008-08-08 08:17:18,,2009-02-12 13:48:47
62,25,14,1,2015-05-03 13:29:48,,2013-03-16 13:45:01
77,53,6,2,2017-05-11 22:33:54,,2014-05-05 14:33:37
79,82,30,3,2015-09-12 01:52:31,,2006-02-22 21:07:10
18,64,2,3,2000-12-18 02:40:58,,2020-05-29 17:05:39
60,30,37,1,2002-01-19 11:41:58,,2014-01-26 05:51:41
51,16,3,4,2002-05-09 10:59:33,,2008-02-14 14:46:44
97,6,39,4,2011-01-14 19:23:05,,2018-01-16 16:51:16
31,13,1,2,2005-02-16 22:40:14,,2009-07-05 21:59:51
24,24,24,2,2009-09-12 07:39:51,,2009-11-03 00:52:52
85,81,14,1,2002-12-28 03:21:34,,2012-07-13 11:16:59
87,88,47,2,2020-02-21 13:23:24,,2002-07-21 09:14:25
94,37,19,3,2017-11-30 03:20:47,2011-06-12 09:10:56,2016-12-18 02:50:49
92,28,8,2,2021-07-07 18:31:41,,2008-08-30 18:41:35
21,15,49,4,2017-07-17 07:05:13,,2000-09-20 20:32:42
18,24,48,4,2017-07-15 09:57:40,,2011-12-30 12:04:10
35,27,21,1,2012-01-31 03:44:42,,2009-06-02 01:44:34
44,3,19,1,2016-05-26 11:32:19,,2006-04-16 04:09:46
55,89,43,1,2022-07-19 14:43:38,,2022-09-05 11:10:54
24,61,26,2,2006-02-16 04:08:20,2008-03-24 03:28:17,2013-08-13 05:44:35
52,69,36,4,2022-02-10 14:55:38,,2020-12-25 14:48:26
86,24,31,2,2015-08-24 09:32:03,,2020-03-17 09:00:57
73,40,35,4,2002-09-08 02:50:48,,2015-12-02 21:53:00
69,93,49,1,2004-05-27 20:48:20,,2022-01-12 07:21:16
76,21,41,3,2018-02-25 12:01:25,,2006-01-24 15:05:04
83,27,46,4,2009-09-27 04:59:21,,2007-04-07 19:39:00
41,88,2,4,2003-10-18 23:39:46,,2021-01-04 01:01:55
49,23,31,2,2017-02-04 05:20:15,,2008-04-08 18:55:45
61,69,43,1,2003-05-12 06:14:01,,2009-01-18 01:29:55
21,43,7,2,2004-05-07 13:51:02,,2014-07-18 22:19:12
73,33,47,1,2000-09-08 15:53:04,,2021-10-31 14:48:13
69,63,39,4,2007-10-18 03:35:13,,2015-11-20 03:11:46
96,36,49,3,2015-12-21 18:50:40,,2019-04-12 05:25:39
50,33,31,2,2010-03-03 13:28:03,2006-05-22 04:24:18,2005-06-20 05:32:34
98,57,10,4,2000-07-30 17:16:01,,2018-04-05 16:17:08
7,2,27,4,2014-11-02 23:53:59,,2016-11-19 15:48:04
31,74,45,2,2012-03-28 17:54:09,,2003-01-07 15:33:47
40,44,33,4,2011-04-11 23:02:19,,2022-06-11 19:32:48
29,84,48,1,2014-03-14 07:47:24,,2003-09-17 21:53:51
27,74,31,1,2004-08-17 01:17:49,,2016-07-05 13:04:27
11,11,4,4,2006-03-25 22:50:07,,2016-08-01 04:14:55
64,31,25,2,2005-07-31 13:14:17,,2011-11-23 11:18:42
25,77,20,1,2007-05-23 10:03:11,,2007-06-03 11:30:46
9,65,5,4,2002-03-13 01:33:20,,2008-04-12 12:33:08
77,75,26,4,2020-12-20 06:20:04,,2012-06-09 13:40:06
19,33,33,2,2003-08-25 20:15:35,,2003-05-30 19:24:10
75,35,34,2,2013-05-07 13:00:41,,2016-03-16 04:49:59
7,80,40,2,2019-11-27 03:50:40,,2015-01-23 10:03:34
67,18,45,4,2014-12-05 17:52:55,2003-02-12 23:10:41,2010-02-24 18:38:10
50,5,3,3,2022-11-18 01:18:22,,2000-11-16 02:29:43
93,77,31,4,2006-03-29 22:17:14,,2013-11-04 15:16:26
39,29,37,2,2005-10-07 21:15:56,,2012-06-15 09:11:17
78,98,21,1,2015-10-01 03:35:28,,2011-09-30 02:48:53
86,31,7,4,2013-04-19 23:56:48,,2011-01-12 22:13:32
21,74,28,2,2010-11-26 21:04:38,,2009-01-31 09:41:59
67,78,34,2,2006-01-01 18:02:22,,2004-06-22 02:30:27
93,19,2,2,2010-03-20 05:52:50,,2004-04-29 11:58:29
50,59,1,4,2005-11-28 14:43:57,,2009-09-25 03:08:22
2,41,49,1,2021-10-18 22:38:22,,2008-12-07 21:41:43
33,68,13,2,2021-03-16 10:10:46,,2005-03-29 20:05:14
15,58,22,1,2001-03-27 04:06:42,,2012-05-28 18:16:48
36,71,13,4,2014-04-27 17:39:00,,2015-04-12 01:39:33
64,1,50,3,2022-04-23 13:23:27,,2018-03-16 13:27:58
52,93,10,3,2020-07-02 16:48:38,,2009-06-07 19:49:07
53,83,12,1,2001-02-16 18:59:28,,2009-10-11 07:14:56
45,60,1,1,2001-09-30 16:21:20,,2004-11-25 01:50:51
27,31,38,1,2007-02-16 17:52:24,,2000-01-28 19:27:56
93,97,19,1,2019-08-20 11:07:35,2020-08-25 13:20:58,2020-02-02 07:12:21
71,52,21,2,2010-02-12 16:01:51,,2012-05-13 09:18:18
78,3,44,2,2004-12-06 20:58:17,,2020-04-04 09:15:36
3,85,14,4,2013-07-05 10:38:29,2014-08-01 21:51:57,2003-12-08 01:32:49
88,85,43,1,2002-12-04 18:11:42,,2001-05-28 13:18:21
6,70,10,4,2015-03-03 20:51:35,2020-03-11 02:02:36,2001-09-07 18:10:31
35,27,47,1,2013-03-02 14:31:24,,2016-04-22 16:53:16
68,19,16,4,2004-10-09 10:35:32,,2000-04-04 23:26:19
3,84,11,4,2022-08-09 04:13:28,,2010-12-17 12:48:02
22,60,36,3,2016-01-01 12:09:56,,2007-02-05 23:44:14
94,97,8,1,2018-01-07 21:34:36,,2001-11-27 11:13:12
55,32,13,4,2018-07-23 01:14:25,,2021-03-23 15:35:55
65,91,26,1,2019-11-13 12:19:24,,2019-06-24 01:16:12
71,33,42,4,2004-08-26 07:28:25,,2017-06-23 23:32:52
38,1,35,1,2000-04-29 04:27:25,2019-06-03 08:47:35,2008-03-16 15:34:06
69,48,16,3,2007-11-23 20:57:14,,2007-02-03 13:42:15
55,66,41,4,2005-09-16 20:37:06,,2019-07-30 03:45:05
93,70,16,3,2015-10-15 01:42:54,,2003-08-20 07:01:13
87,5,4,2,2015-05-14 15:47:06,,2016-11-30 13:23:48
89,51,42,1,2014-03-23 19:26:25,,2006-04-23 03:45:05
57,22,34,2,2008-01-02 00:53:50,,2012-09-03 04:42:13
29,85,47,3,2018-10-16 13:15:06,,2006-01-30 00:03:19
89,60,42,3,2010-04-14 12:21:52,,2002-05-29 07:51:46
77,40,14,2,2022-09-07 08:12:35,,2007-12-14 13:55:10
95,62,15,4,2008-01-02 23:12:59,,2007-06-26 15:42:01
86,69,13,1,2015-01-05 03:06:50,,2022-04-19 15:06:43
49,87,30,3,2022-05-12 06:04:49,,2010-02-22 08:44:57
22,64,2,2,2010-09-13 16:01:23,,2004-02-13 10:03:03
12,79,5,1,2014-04-24 13:16:28,,2000-08-28 15:49:13
24,86,25,3,2013-01-27 06:54:58,2012-03-20 07:08:55,2010-01-12 04:11:02
88,36,42,4,2012-10-15 23:02:30,,2018-09-03 22:05:49
86,34,17,3,2021-07-31 20:22:29,2016-11-29 00:09:36,2014-07-24 04:21:30
92,72,8,2,2018-07-25 02:52:32,2017-06-02 13:38:43,2009-01-02 14:46:21
70,5,12,2,2017-11-17 20:09:58,,2003-06-28 18:05:24
59,19,18,2,2009-11-30 17:26:48,2005-04-02 13:06:29,2008-02-18 22:14:32
22,39,19,4,2019-05-27 17:05:05,,2009-04-21 16:54:51
65,36,19,4,2011-05-24 03:26:20,,2016-06-14 02:30:00
5,68,21,1,2014-01-13 01:02:42,,2013-05-28 02:56:41
19,45,30,2,2015-06-07 11:40:39,,2003-03-03 02:14:10
23,47,29,1,2007-03-08 06:24:16,,2009-07-04 20:48:41
36,72,34,4,2000-11-17 09:51:53,,2006-05-20 09:26:44
51,23,14,2,2011-06-12 07:38:33,,2005-03-16 11:50:34
24,83,2,3,2002-01-22 23:08:46,,2014-03-01 04:52:49
1,53,39,4,2013-01-09 17:28:13,2018-08-18 06:02:53,2001-09-12 19:18:25
61,47,41,4,2014-05-19 03:11:35,,2006-02-17 04:56:11
49,28,41,1,2013-03-10 05:46:28,,2008-02-16 23:57:38
32,50,23,4,2019-01-18 22:08:41,,2003-02-26 20:11:03
11,38,20,4,2010-02-16 20:39:44,,2017-09-26 01:08:39
3,63,42,1,2017-07-09 07:30:28,,2019-09-11 13:42:53
54,78,10,4,2006-10-20 01:47:46,,2017-04-21 12:05:20
3,24,10,3,2018-09-12 23:46:08,,2010-11-21 23:37:17
74,43,17,2,2019-10-20 18:33:54,,2020-03-27 21:21:54
82,66,6,3,2009-01-10 14:52:08,,2012-03-18 20:51:57
47,77,30,2,2001-06-30 23:31:23,,2013-04-08 14:14:51
22,55,11,2,2019-04-06 02:10:57,,2015-09-20 07:37:17
8,27,20,1,2003-10-04 10:16:08,,2017-09-24 08:34:45
28,29,40,1,2006-06-08 23:04:08,,2007-11-13 10:14:19
78,54,4,2,2016-03-25 16:24:10,2007-04-23 20:32:44,2008-02-04 22:18:19
73,36,31,3,2016-05-31 14:49:25,,2019-03-19 11:57:19
16,1,21,3,2006-01-19 15:26:12,,2016-02-10 13:01:02
50,57,48,1,2011-02-06 12:16:16,,2001-10-26 07:54:46
5,83,15,2,2002-07-04 19:43:16,,2000-01-11 12:53:02
39,11,20,1,2012-11-28 23:20:07,,2006-02-05 10:04:36
75,70,2,2,2003-04-07 06:21:17,,2022-07-07 06:54:26
83,72,6,4,2014-06-30 13:43:28,,2006-08-14 23:16:17
23,71,47,4,2001-11-26 23:12:29,,2009-03-27 08:25:06
11,34,12,4,2002-04-23 06:44:05,,2006-01-19 00:13:16
95,26,11,4,2005-08-03 08:25:44,,2010-03-14 11:33:51
40,28,13,2,2019-08-08 12:48:21,,2022-10-22 21:57:48
90,8,46,3,2022-02-03 16:50:55,,2014-07-03 02:26:50
1,49,50,3,2002-07-14 05:36:03,,2003-05-12 19:04:02
6,48,50,1,2017-08-04 09:07:03,,2010-11-11 03:06:27
72,38,18,3,2011-12-25 01:38:09,,2005-01-18 20:47:42
58,60,20,2,2018-07-31 09:20:02,,2003-08-19 12:06:20
92,51,42,3,2021-01-26 08:55:44,2018-03-29 02:51:48,2003-06-02 03:55:42
37,14,5,1,2012-05-31 08:54:06,,2020-04-29 22:37:40
13,46,29,2,2009-09-30 04:57:06,2002-12-31 20:46:40,2012-10-19 07:34:06
83,59,45,4,2016-05-04 08:34:51,,2007-06-27 01:43:58
65,33,43,2,2021-11-20 07:48:49,,2018-02-17 08:13:18
8,19,18,4,2005-02-08 11:41:41,,2020-10-14 07:38:21
81,37,28,2,2019-08-16 04:25:06,,2005-09-03 07:51:14
79,49,4,3,2004-01-30 00:14:17,,2022-09-01 03:36:04
30,5,17,2,2008-02-17 23:34:15,2012-05-29 04:25:14,2013-06-11 13:53:10
11,14,40,3,2008-04-16 23:57:59,,2010-08-04 12:55:44
74,57,43,3,2011-12-10 23:14:37,,2003-08-03 17:44:53
71,63,14,3,2021-09-04 07:39:41,2004-09-17 22:50:01,2015-07-06 14:04:01
18,17,2,3,2008-11-13 22:31:40,,2006-12-06 18:51:48
32,76,35,1,2000-09-12 05:18:05,,2022-05-11 04:27:59
22,36,47,2,2014-12-17 08:56:01,,2011-07-29 22:51:43
65,81,21,4,2014-07-09 17:31:42,,2004-01-25 02:03:41
14,63,36,2,2010-08-18 01:44:12,,2006-09-25 14:58:22
3,5,23,2,2005-06-02 01:33:45,,2006-06-30 00:03:27
10,58,14,2,2005-01-11 19:43:50,,2010-12-03 02:23:32
32,69,16,3,2022-09-28 03:19:33,,2016-08-25 08:48:54
27,45,9,3,2022-02-25 13:34:51,,2022-05-21 07:58:29
82,71,45,2,2016-12-10 14:51:35,,2009-08-06 20:42:48
5,64,12,2,2002-01-20 22:25:37,,2008-11-03 07:54:43
69,21,21,4,2022-04-22 16:24:03,,2006-10-31 17:27:51
65,12,31,3,2010-10-03 08:10:20,,2018-05-13 08:17:16
56,80,6,2,2008-12-25 08:33:24,,2013-12-09 11:15:32
51,98,39,3,2010-09-14 23:06:18,2022-03-21 03:20:03,2013-12-09 12:43:26
11,86,1,3,2012-10-25 13:37:45,,2002-09-24 22:36:44
99,92,6,2,2011-12-16 21:37:36,,2002-05-08 10:34:01
57,97,37,1,2015-10-15 20:32:49,,2014-12-12 20:22:29
16,88,37,4,2002-03-15 17:12:50,2022-10-25 16:16:19,2013-09-28 04:58:35
62,86,26,3,2022-06-08 12:17:55,,2001-06-17 03:30:03
22,7,13,4,2018-02-19 18:47:11,,2009-09-09 04:55:04
46,32,40,4,2009-06-02 07:40:11,,2022-06-03 23:53:28
84,60,14,4,2013-07-07 04:10:59,,2010-06-23 06:00:24
92,97,11,2,2018-11-09 22:40:57,,2006-12-21 12:06:06
23,68,41,3,2007-06-16 09:12:13,,2018-11-28 08:52:11
26,7,3,3,2002-06-24 05:38:36,,2018-11-02 20:21:38
22,47,36,2,2007-07-02 04:06:58,,2001-04-09 19:09:44
74,62,45,4,2004-09-13 21:54:17,2014-02-24 04:41:45,2003-02-17 14:29:58
71,32,31,2,2004-05-30 11:29:26,,2008-08-31 12:29:31
72,31,20,1,2018-12-18 19:07:48,2000-09-07 21:37:06,2014-10-14 02:42:02
90,53,20,1,2018-04-18 19:17:11,,2009-09-16 20:35:58
38,24,11,1,2003-11-07 09:47:04,,2001-03-22 03:00:54
85,53,15,2,2002-12-29 05:01:22,,2002-08-09 04:19:52
56,17,32,2,2010-01-07 08:10:57,,2019-06-22 22:31:58
68,20,47,4,2016-07-14 00:12:05,,2016-04-01 19:15:38
59,54,41,1,2011-06-07 04:10:27,2022-02-13 12:17:36,2006-07-29 22:48:39
35,39,18,2,2000-08-22 01:10:58,,2015-06-24 15:24:22
15,9,49,3,2011-03-25 15:13:56,,2018-09-15 23:32:06
74,1,15,4,2000-07-25 00:10:52,,2009-10-10 15:09:47
24,26,48,2,2013-11-27 19:30:53,2003-04-03 12:07:56,2006-03-31 05:15:56
43,43,32,2,2021-07-24 19:27:57,,2015-03-10 10:53:01
17,4,33,1,2007-02-15 13:33:14,,2008-11-11 19:37:48
43,96,1,3,2010-08-06 13:02:39,,2012-08-28 08:43:26
32,69,35,3,2004-02-16 14:26:11,,2001-01-11 17:29:29
86,92,36,1,2020-02-29 11:32:23,,2015-02-07 19:36:30
43,46,48,4,2011-09-14 08:35:27,2020-02-19 11:03:48,2007-01-11 15:13:55
27,65,40,1,2004-04-10 08:53:21,2012-12-27 16:56:31,2003-05-24 04:17:20
56,96,1,3,2009-11-10 23:59:24,,2011-07-05 05:06:42
64,58,3,2,2001-09-01 06:00:16,,2001-08-30 02:21:35
